iso3,country,year,income,life_expectancy
AUS,Australia,2004,37836,80.5
AUS,Australia,2005,38185,80.8
AUS,Australia,2006,39576,81.0
AUS,Australia,2007,41124,81.3
AUS,Australia,2008,43225,81.4
AUS,Australia,2009,42871,81.5
AUS,Australia,2010,44625,81.7
AUS,Australia,2011,45369,81.9
AUS,Australia,2012,44830,82.0
AUS,Australia,2013,45377,82.1
AUS,Australia,2014,46031,82.3
AUS,Australia,2015,46089,82.4
AUS,Australia,2016,46473,82.4
AUS,Australia,2017,46831,82.5
AUS,Australia,2018,47430,82.8
AUS,Australia,2019,48749,82.9
AUS,Australia,2020,50667,83.2
AUS,Australia,2021,52430,83.3
AUS,Australia,2022,50439,83.2
AUS,Australia,2023,49503,83.0
AUT,Austria,2004,47121,79.3
AUT,Austria,2005,48459,79.5
AUT,Austria,2006,49727,80.1
AUT,Austria,2007,50849,80.3
AUT,Austria,2008,51359,80.6
AUT,Austria,2009,51644,80.5
AUT,Austria,2010,51010,80.7
AUT,Austria,2011,50164,81.1
AUT,Austria,2012,51000,81.1
AUT,Austria,2013,49698,81.3
AUT,Austria,2014,49667,81.6
AUT,Austria,2015,49547,81.3
AUT,Austria,2016,50168,81.8
AUT,Austria,2017,50287,81.7
AUT,Austria,2018,50742,81.8
AUT,Austria,2019,50802,82.0
AUT,Austria,2020,49968,81.3
AUT,Austria,2021,51763,81.3
AUT,Austria,2022,52215,81.4
AUT,Austria,2023,51484,81.9
BEL,Belgium,2004,44332,79.0
BEL,Belgium,2005,44500,79.1
BEL,Belgium,2006,45213,79.5
BEL,Belgium,2007,45952,79.9
BEL,Belgium,2008,46612,79.8
BEL,Belgium,2009,47188,80.2
BEL,Belgium,2010,46592,80.3
BEL,Belgium,2011,46226,80.7
BEL,Belgium,2012,46204,80.5
BEL,Belgium,2013,46046,80.7
BEL,Belgium,2014,46183,81.4
BEL,Belgium,2015,46168,81.1
BEL,Belgium,2016,46594,81.5
BEL,Belgium,2017,47088,81.6
BEL,Belgium,2018,47459,81.7
BEL,Belgium,2019,48448,82.1
BEL,Belgium,2020,48375,80.8
BEL,Belgium,2021,49666,81.9
BEL,Belgium,2022,49429,81.8
BEL,Belgium,2023,50448,82.5
CAN,Canada,2004,33869,80.1
CAN,Canada,2005,34174,80.2
CAN,Canada,2006,35619,80.7
CAN,Canada,2007,36489,80.7
CAN,Canada,2008,37479,80.8
CAN,Canada,2009,37814,81.2
CAN,Canada,2010,38673,81.4
CAN,Canada,2011,38900,81.6
CAN,Canada,2012,39331,81.8
CAN,Canada,2013,39773,81.8
CAN,Canada,2014,39824,81.9
CAN,Canada,2015,40685,81.9
CAN,Canada,2016,40221,82.0
CAN,Canada,2017,41187,81.9
CAN,Canada,2018,41369,81.9
CAN,Canada,2019,41771,82.2
CAN,Canada,2020,43926,81.6
CAN,Canada,2021,44267,81.6
CAN,Canada,2022,43378,81.3
CAN,Canada,2023,43263,81.7
CHE,Switzerland,2004,41665,81.3
CHE,Switzerland,2005,42509,81.5
CHE,Switzerland,2006,43636,81.8
CHE,Switzerland,2007,44904,82.0
CHE,Switzerland,2008,44985,82.3
CHE,Switzerland,2009,45257,82.3
CHE,Switzerland,2010,45676,82.7
CHE,Switzerland,2011,45817,82.8
CHE,Switzerland,2012,46491,82.8
CHE,Switzerland,2013,47206,82.9
CHE,Switzerland,2014,47426,83.3
CHE,Switzerland,2015,47635,83.0
CHE,Switzerland,2016,47842,83.7
CHE,Switzerland,2017,47219,83.7
CHE,Switzerland,2018,47192,83.8
CHE,Switzerland,2019,47798,84.0
CHE,Switzerland,2020,49115,83.1
CHE,Switzerland,2021,48967,83.9
CHE,Switzerland,2022,49209,83.7
CHE,Switzerland,2023,48940,84.3
CRI,Costa Rica,2012,16336,79.4
CRI,Costa Rica,2013,16581,79.6
CRI,Costa Rica,2014,16942,79.7
CRI,Costa Rica,2015,17532,79.9
CRI,Costa Rica,2016,18621,80.0
CRI,Costa Rica,2017,19788,80.2
CRI,Costa Rica,2018,20135,80.3
CRI,Costa Rica,2019,20315,80.5
CRI,Costa Rica,2020,19882,80.6
CRI,Costa Rica,2021,20827,80.8
CZE,Czechia,2004,27712,75.9
CZE,Czechia,2005,28601,76.1
CZE,Czechia,2006,29713,76.7
CZE,Czechia,2007,30403,77.0
CZE,Czechia,2008,31413,77.3
CZE,Czechia,2009,31081,77.4
CZE,Czechia,2010,31320,77.7
CZE,Czechia,2011,31203,78.0
CZE,Czechia,2012,31066,78.1
CZE,Czechia,2013,30974,78.3
CZE,Czechia,2014,31775,78.9
CZE,Czechia,2015,32371,78.7
CZE,Czechia,2016,33232,79.1
CZE,Czechia,2017,34688,79.1
CZE,Czechia,2018,36072,79.1
CZE,Czechia,2019,37212,79.3
CZE,Czechia,2020,38034,78.3
CZE,Czechia,2021,39803,77.2
CZE,Czechia,2022,38744,79.0
CZE,Czechia,2023,39050,79.9
DEU,Germany,2004,45370,79.3
DEU,Germany,2005,45839,79.4
DEU,Germany,2006,46449,79.9
DEU,Germany,2007,46681,80.1
DEU,Germany,2008,47090,80.2
DEU,Germany,2009,47264,80.3
DEU,Germany,2010,47708,80.5
DEU,Germany,2011,48291,80.6
DEU,Germany,2012,48501,80.7
DEU,Germany,2013,48442,80.6
DEU,Germany,2014,49133,81.2
DEU,Germany,2015,50081,80.7
DEU,Germany,2016,51121,81.0
DEU,Germany,2017,51840,81.1
DEU,Germany,2018,52786,81.0
DEU,Germany,2019,53397,81.3
DEU,Germany,2020,53711,81.1
DEU,Germany,2021,54087,80.8
DEU,Germany,2022,54818,80.7
DEU,Germany,2023,53942,81.1
DNK,Denmark,2004,36357,77.8
DNK,Denmark,2005,36886,78.3
DNK,Denmark,2006,37662,78.4
DNK,Denmark,2007,37292,78.4
DNK,Denmark,2008,37141,78.8
DNK,Denmark,2009,38296,79.0
DNK,Denmark,2010,39191,79.3
DNK,Denmark,2011,39574,79.9
DNK,Denmark,2012,39290,80.2
DNK,Denmark,2013,39283,80.4
DNK,Denmark,2014,39525,80.7
DNK,Denmark,2015,40956,80.8
DNK,Denmark,2016,42189,80.9
DNK,Denmark,2017,42719,81.1
DNK,Denmark,2018,43590,81.0
DNK,Denmark,2019,44087,81.5
DNK,Denmark,2020,43635,81.6
DNK,Denmark,2021,44482,81.5
DNK,Denmark,2022,44536,81.3
DNK,Denmark,2023,45009,81.8
ESP,Spain,2004,38215,80.4
ESP,Spain,2005,38885,80.3
ESP,Spain,2006,39205,81.1
ESP,Spain,2007,39299,81.1
ESP,Spain,2008,39516,81.5
ESP,Spain,2009,39629,81.9
ESP,Spain,2010,38981,82.4
ESP,Spain,2011,38339,82.6
ESP,Spain,2012,35822,82.5
ESP,Spain,2013,35480,83.2
ESP,Spain,2014,35568,83.3
ESP,Spain,2015,37056,83.0
ESP,Spain,2016,37897,83.5
ESP,Spain,2017,38446,83.4
ESP,Spain,2018,38924,83.5
ESP,Spain,2019,40048,84.0
ESP,Spain,2020,39306,82.3
ESP,Spain,2021,40470,83.3
ESP,Spain,2022,39562,83.2
ESP,Spain,2023,40994,84.0
EST,Estonia,2004,16975,72.4
EST,Estonia,2005,18763,73.0
EST,Estonia,2006,21188,73.2
EST,Estonia,2007,22833,73.2
EST,Estonia,2008,24419,74.4
EST,Estonia,2009,22735,75.3
EST,Estonia,2010,21927,76.0
EST,Estonia,2011,22697,76.6
EST,Estonia,2012,22753,76.7
EST,Estonia,2013,24107,77.5
EST,Estonia,2014,24793,77.4
EST,Estonia,2015,26378,78.0
EST,Estonia,2016,27143,78.0
EST,Estonia,2017,27881,78.4
EST,Estonia,2018,30038,78.5
EST,Estonia,2019,30890,79.0
EST,Estonia,2020,31810,78.9
EST,Estonia,2021,33131,77.2
EST,Estonia,2022,31995,78.1
EST,Estonia,2023,31240,79.1
FIN,Finland,2004,37643,79.0
FIN,Finland,2005,38071,79.1
FIN,Finland,2006,38697,79.5
FIN,Finland,2007,39773,79.6
FIN,Finland,2008,40488,79.9
FIN,Finland,2009,40635,80.1
FIN,Finland,2010,41644,80.2
FIN,Finland,2011,41851,80.6
FIN,Finland,2012,41592,80.7
FIN,Finland,2013,41269,81.1
FIN,Finland,2014,40972,81.3
FIN,Finland,2015,41486,81.6
FIN,Finland,2016,42030,81.5
FIN,Finland,2017,42352,81.7
FIN,Finland,2018,43103,81.8
FIN,Finland,2019,44036,82.1
FIN,Finland,2020,44016,82.0
FIN,Finland,2021,44640,81.9
FIN,Finland,2022,43670,81.2
FIN,Finland,2023,44305,81.6
FRA,France,2004,41469,80.3
FRA,France,2005,41748,80.3
FRA,France,2006,42615,80.9
FRA,France,2007,43623,81.3
FRA,France,2008,43611,81.4
FRA,France,2009,44237,81.5
FRA,France,2010,44776,81.8
FRA,France,2011,44809,82.3
FRA,France,2012,44697,82.1
FRA,France,2013,44273,82.4
FRA,France,2014,44691,82.9
FRA,France,2015,44966,82.4
FRA,France,2016,45502,82.7
FRA,France,2017,46077,82.7
FRA,France,2018,46234,82.8
FRA,France,2019,46994,83.0
FRA,France,2020,46085,82.3
FRA,France,2021,47949,82.4
FRA,France,2022,48161,82.3
FRA,France,2023,48534,83.0
GBR,United Kingdom,2004,39607,78.8
GBR,United Kingdom,2005,40246,79.0
GBR,United Kingdom,2006,40662,79.3
GBR,United Kingdom,2007,41773,79.5
GBR,United Kingdom,2008,41309,79.6
GBR,United Kingdom,2009,41711,80.1
GBR,United Kingdom,2010,41837,80.4
GBR,United Kingdom,2011,40670,80.7
GBR,United Kingdom,2012,41285,80.8
GBR,United Kingdom,2013,41741,80.9
GBR,United Kingdom,2014,42420,81.1
GBR,United Kingdom,2015,44394,80.9
GBR,United Kingdom,2016,44416,81.0
GBR,United Kingdom,2017,44623,81.1
GBR,United Kingdom,2018,45162,81.0
GBR,United Kingdom,2019,45905,81.4
GBR,United Kingdom,2020,44746,80.3
GBR,United Kingdom,2021,46566,80.5
GBR,United Kingdom,2022,45049,80.9
GBR,United Kingdom,2023,44956,81.0
GRC,Greece,2004,32890,79.4
GRC,Greece,2005,32861,79.6
GRC,Greece,2006,34591,79.9
GRC,Greece,2007,35642,79.7
GRC,Greece,2008,36754,80.2
GRC,Greece,2009,36648,80.4
GRC,Greece,2010,32198,80.6
GRC,Greece,2011,28623,80.8
GRC,Greece,2012,24994,80.7
GRC,Greece,2013,23768,81.4
GRC,Greece,2014,24161,81.5
GRC,Greece,2015,25011,81.1
GRC,Greece,2016,25197,81.5
GRC,Greece,2017,25390,81.4
GRC,Greece,2018,25447,81.9
GRC,Greece,2019,27435,81.7
GRC,Greece,2020,26824,81.4
GRC,Greece,2021,29380,80.2
GRC,Greece,2022,29468,80.8
GRC,Greece,2023,30996,81.8
HUN,Hungary,2004,21428,73.0
HUN,Hungary,2005,22447,73.0
HUN,Hungary,2006,22979,73.5
HUN,Hungary,2007,21980,73.6
HUN,Hungary,2008,21625,74.2
HUN,Hungary,2009,20877,74.4
HUN,Hungary,2010,20814,74.7
HUN,Hungary,2011,21613,75.1
HUN,Hungary,2012,21123,75.3
HUN,Hungary,2013,21622,75.8
HUN,Hungary,2014,22268,76.0
HUN,Hungary,2015,23139,75.7
HUN,Hungary,2016,24171,76.2
HUN,Hungary,2017,25567,76.0
HUN,Hungary,2018,27343,76.2
HUN,Hungary,2019,28996,76.5
HUN,Hungary,2020,28767,75.5
HUN,Hungary,2021,30859,74.1
HUN,Hungary,2022,32129,76.0
HUN,Hungary,2023,33373,76.7
IRL,Ireland,2004,32755,78.6
IRL,Ireland,2005,34446,79.0
IRL,Ireland,2006,34951,79.3
IRL,Ireland,2007,35969,79.7
IRL,Ireland,2008,37124,80.2
IRL,Ireland,2009,36633,80.2
IRL,Ireland,2010,35669,80.8
IRL,Ireland,2011,34938,80.9
IRL,Ireland,2012,34998,80.9
IRL,Ireland,2013,34272,81.0
IRL,Ireland,2014,34105,81.4
IRL,Ireland,2015,35422,81.5
IRL,Ireland,2016,36532,81.7
IRL,Ireland,2017,38019,82.2
IRL,Ireland,2018,38650,82.2
IRL,Ireland,2019,40177,82.8
IRL,Ireland,2020,41854,82.5
IRL,Ireland,2021,42652,82.3
IRL,Ireland,2022,42138,82.6
IRL,Ireland,2023,42871,82.9
ISL,Iceland,2004,35729,81.1
ISL,Iceland,2005,38715,81.5
ISL,Iceland,2006,41033,81.2
ISL,Iceland,2007,43968,81.5
ISL,Iceland,2008,44123,81.6
ISL,Iceland,2009,37475,81.8
ISL,Iceland,2010,33788,81.9
ISL,Iceland,2011,35377,82.4
ISL,Iceland,2012,35471,83.0
ISL,Iceland,2013,35371,82.1
ISL,Iceland,2014,36464,82.9
ISL,Iceland,2015,38943,82.5
ISL,Iceland,2016,40583,82.2
ISL,Iceland,2017,42443,82.6
ISL,Iceland,2018,42822,82.9
ISL,Iceland,2019,43145,83.2
ISL,Iceland,2020,44257,83.1
ISL,Iceland,2021,45868,83.2
ISL,Iceland,2022,46143,82.1
ISL,Iceland,2023,47475,82.4
ITA,Italy,2004,45625,80.9
ITA,Italy,2005,45530,80.9
ITA,Italy,2006,45694,81.4
ITA,Italy,2007,45887,81.6
ITA,Italy,2008,44821,81.7
ITA,Italy,2009,43773,81.8
ITA,Italy,2010,42840,82.2
ITA,Italy,2011,42360,82.4
ITA,Italy,2012,40012,82.4
ITA,Italy,2013,39598,82.9
ITA,Italy,2014,39851,83.2
ITA,Italy,2015,40370,82.7
ITA,Italy,2016,40761,83.4
ITA,Italy,2017,41201,83.1
ITA,Italy,2018,41413,83.4
ITA,Italy,2019,41422,83.6
ITA,Italy,2020,40594,82.3
ITA,Italy,2021,42253,82.7
ITA,Italy,2022,42251,82.8
ITA,Italy,2023,42653,83.5
JPN,Japan,2004,31978,82.1
JPN,Japan,2005,32473,82.0
JPN,Japan,2006,32936,82.4
JPN,Japan,2007,33350,82.6
JPN,Japan,2008,33101,82.7
JPN,Japan,2009,33439,83.0
JPN,Japan,2010,33977,82.9
JPN,Japan,2011,34150,82.7
JPN,Japan,2012,34650,83.2
JPN,Japan,2013,34861,83.4
JPN,Japan,2014,34498,83.7
JPN,Japan,2015,34957,83.9
JPN,Japan,2016,35306,84.1
JPN,Japan,2017,35469,84.2
JPN,Japan,2018,35712,84.3
JPN,Japan,2019,36014,84.4
JPN,Japan,2020,37385,84.6
JPN,Japan,2021,36916,84.5
JPN,Japan,2022,37057,84.1
JPN,Japan,2023,36405,84.1
KOR,Korea,2004,21967,77.8
KOR,Korea,2005,22437,78.2
KOR,Korea,2006,23175,78.8
KOR,Korea,2007,24189,79.2
KOR,Korea,2008,24851,79.6
KOR,Korea,2009,24935,80.0
KOR,Korea,2010,25940,80.2
KOR,Korea,2011,26362,80.6
KOR,Korea,2012,26886,80.9
KOR,Korea,2013,27727,81.4
KOR,Korea,2014,28703,81.8
KOR,Korea,2015,30167,82.1
KOR,Korea,2016,30600,82.4
KOR,Korea,2017,30857,82.7
KOR,Korea,2018,31765,82.7
KOR,Korea,2019,32991,83.3
KOR,Korea,2020,33908,83.5
KOR,Korea,2021,34487,83.6
KOR,Korea,2022,34966,82.7
KOR,Korea,2023,35707,83.5
LTU,Lithuania,2004,19184,72.0
LTU,Lithuania,2005,21055,71.2
LTU,Lithuania,2006,23690,71.0
LTU,Lithuania,2007,24902,70.7
LTU,Lithuania,2008,27372,71.7
LTU,Lithuania,2009,24565,72.9
LTU,Lithuania,2010,24535,73.3
LTU,Lithuania,2011,25025,73.7
LTU,Lithuania,2012,25221,74.1
LTU,Lithuania,2013,26594,74.1
LTU,Lithuania,2014,27369,74.7
LTU,Lithuania,2015,28761,74.6
LTU,Lithuania,2016,30794,74.9
LTU,Lithuania,2017,30392,75.8
LTU,Lithuania,2018,31964,76.0
LTU,Lithuania,2019,34086,76.5
LTU,Lithuania,2020,36205,75.2
LTU,Lithuania,2021,38147,74.2
LTU,Lithuania,2022,36599,75.8
LTU,Lithuania,2023,36272,77.6
LUX,Luxembourg,2004,55411,79.2
LUX,Luxembourg,2005,54248,79.6
LUX,Luxembourg,2006,55002,79.4
LUX,Luxembourg,2007,55681,79.5
LUX,Luxembourg,2008,56007,80.7
LUX,Luxembourg,2009,57375,80.8
LUX,Luxembourg,2010,57416,80.8
LUX,Luxembourg,2011,57193,81.1
LUX,Luxembourg,2012,57567,81.5
LUX,Luxembourg,2013,58905,81.9
LUX,Luxembourg,2014,58917,82.3
LUX,Luxembourg,2015,58149,82.4
LUX,Luxembourg,2016,57562,82.7
LUX,Luxembourg,2017,58825,82.1
LUX,Luxembourg,2018,59624,82.3
LUX,Luxembourg,2019,60802,82.7
LUX,Luxembourg,2020,63978,82.2
LUX,Luxembourg,2021,63794,82.7
LUX,Luxembourg,2022,63226,83.0
LUX,Luxembourg,2023,63313,83.4
LVA,Latvia,2004,16536,70.9
LVA,Latvia,2005,18483,70.6
LVA,Latvia,2006,21547,70.6
LVA,Latvia,2007,23581,70.8
LVA,Latvia,2008,24601,72.1
LVA,Latvia,2009,20709,72.8
LVA,Latvia,2010,20357,73.1
LVA,Latvia,2011,19919,73.9
LVA,Latvia,2012,20984,74.1
LVA,Latvia,2013,21751,74.3
LVA,Latvia,2014,22767,74.5
LVA,Latvia,2015,24161,74.8
LVA,Latvia,2016,25469,74.9
LVA,Latvia,2017,26613,74.9
LVA,Latvia,2018,27985,75.1
LVA,Latvia,2019,28412,75.7
LVA,Latvia,2020,28641,75.5
LVA,Latvia,2021,30002,73.1
LVA,Latvia,2022,29112,74.5
LVA,Latvia,2023,28520,75.6
MEX,Mexico,2004,17722,75.4
MEX,Mexico,2005,17719,75.2
MEX,Mexico,2006,18665,75.5
MEX,Mexico,2007,18506,75.4
MEX,Mexico,2008,18335,75.2
MEX,Mexico,2009,18095,74.9
MEX,Mexico,2010,18232,74.3
MEX,Mexico,2011,19358,74.8
MEX,Mexico,2012,19133,74.9
MEX,Mexico,2013,19393,75.2
MEX,Mexico,2014,19633,75.1
MEX,Mexico,2015,20618,75.1
MEX,Mexico,2016,20579,74.8
MEX,Mexico,2017,20420,74.8
MEX,Mexico,2018,20367,74.9
MEX,Mexico,2019,20680,74.8
MEX,Mexico,2020,19298,68.9
MEX,Mexico,2021,20383,68.8
MEX,Mexico,2022,20054,75.2
MEX,Mexico,2023,21082,75.3
NLD,Netherlands,2004,43344,79.3
NLD,Netherlands,2005,43110,79.6
NLD,Netherlands,2006,44753,80.0
NLD,Netherlands,2007,45474,80.4
NLD,Netherlands,2008,45914,80.5
NLD,Netherlands,2009,46485,80.9
NLD,Netherlands,2010,46368,81.0
NLD,Netherlands,2011,46246,81.3
NLD,Netherlands,2012,45749,81.2
NLD,Netherlands,2013,44970,81.4
NLD,Netherlands,2014,45578,81.8
NLD,Netherlands,2015,46367,81.6
NLD,Netherlands,2016,47181,81.7
NLD,Netherlands,2017,47373,81.8
NLD,Netherlands,2018,48495,81.9
NLD,Netherlands,2019,49479,82.2
NLD,Netherlands,2020,49952,81.4
NLD,Netherlands,2021,50921,81.4
NLD,Netherlands,2022,50799,81.7
NLD,Netherlands,2023,51218,81.9
NOR,Norway,2004,38531,80.1
NOR,Norway,2005,41062,80.3
NOR,Norway,2006,38821,80.6
NOR,Norway,2007,40326,80.6
NOR,Norway,2008,41008,80.8
NOR,Norway,2009,42165,81.0
NOR,Norway,2010,42762,81.2
NOR,Norway,2011,43650,81.4
NOR,Norway,2012,44709,81.5
NOR,Norway,2013,45588,81.8
NOR,Norway,2014,46035,82.2
NOR,Norway,2015,47480,82.4
NOR,Norway,2016,46814,82.5
NOR,Norway,2017,47277,82.7
NOR,Norway,2018,47313,82.8
NOR,Norway,2019,47803,83.0
NOR,Norway,2020,47442,83.3
NOR,Norway,2021,49002,83.2
NOR,Norway,2022,47497,82.5
NZL,New Zealand,2004,29619,79.6
NZL,New Zealand,2005,30223,79.8
NZL,New Zealand,2006,31161,80.1
NZL,New Zealand,2007,32771,80.3
NZL,New Zealand,2008,32006,80.5
NZL,New Zealand,2009,32703,80.7
NZL,New Zealand,2010,33090,80.8
NZL,New Zealand,2011,34058,81.0
NZL,New Zealand,2012,34312,81.2
NZL,New Zealand,2013,34769,81.4
NZL,New Zealand,2014,34627,81.4
NZL,New Zealand,2015,35487,81.5
NZL,New Zealand,2016,36402,81.6
NZL,New Zealand,2017,37291,81.7
NZL,New Zealand,2018,38489,81.7
NZL,New Zealand,2019,39627,82.1
NZL,New Zealand,2020,41610,82.3
NZL,New Zealand,2021,41879,82.3
NZL,New Zealand,2022,41510,82.0
NZL,New Zealand,2023,41890,82.0
POL,Poland,2004,19400,74.9
POL,Poland,2005,19633,75.0
POL,Poland,2006,20489,75.3
POL,Poland,2007,21350,75.4
POL,Poland,2008,22178,75.6
POL,Poland,2009,23304,75.9
POL,Poland,2010,24256,76.4
POL,Poland,2011,24343,76.8
POL,Poland,2012,24624,76.9
POL,Poland,2013,24917,77.1
POL,Poland,2014,26397,77.8
POL,Poland,2015,27224,77.5
POL,Poland,2016,28611,78.0
POL,Poland,2017,29589,77.8
POL,Poland,2018,30885,77.7
POL,Poland,2019,32406,78.0
POL,Poland,2020,34508,76.4
POL,Poland,2021,34281,75.4
POL,Poland,2022,33731,77.2
POL,Poland,2023,35058,78.4
PRT,Portugal,2004,31845,78.4
PRT,Portugal,2005,32032,78.2
PRT,Portugal,2006,31804,79.0
PRT,Portugal,2007,32118,79.3
PRT,Portugal,2008,32399,79.5
PRT,Portugal,2009,33240,79.7
PRT,Portugal,2010,33028,80.1
PRT,Portugal,2011,31626,80.7
PRT,Portugal,2012,30477,80.6
PRT,Portugal,2013,30124,80.9
PRT,Portugal,2014,29994,81.3
PRT,Portugal,2015,31022,81.3
PRT,Portugal,2016,31667,81.3
PRT,Portugal,2017,31932,81.6
PRT,Portugal,2018,32789,81.5
PRT,Portugal,2019,33905,81.9
PRT,Portugal,2020,33172,81.5
PRT,Portugal,2021,34419,81.5
PRT,Portugal,2022,34787,81.8
PRT,Portugal,2023,35973,82.5
SVK,Slovak Republic,2004,19231,74.2
SVK,Slovak Republic,2005,19851,74.1
SVK,Slovak Republic,2006,20779,74.5
SVK,Slovak Republic,2007,22787,74.6
SVK,Slovak Republic,2008,24280,74.9
SVK,Slovak Republic,2009,24655,75.3
SVK,Slovak Republic,2010,25240,75.6
SVK,Slovak Republic,2011,24604,76.1
SVK,Slovak Republic,2012,24451,76.3
SVK,Slovak Republic,2013,24368,76.6
SVK,Slovak Republic,2014,24948,77.0
SVK,Slovak Republic,2015,26278,76.7
SVK,Slovak Republic,2016,26999,77.3
SVK,Slovak Republic,2017,27816,77.3
SVK,Slovak Republic,2018,29781,77.4
SVK,Slovak Republic,2019,30671,77.8
SVK,Slovak Republic,2020,31164,77.0
SVK,Slovak Republic,2021,32242,74.6
SVK,Slovak Republic,2022,31877,77.0
SVK,Slovak Republic,2023,31789,78.2
SVN,Slovenia,2004,27604,77.2
SVN,Slovenia,2005,28793,77.5
SVN,Slovenia,2006,29493,78.3
SVN,Slovenia,2007,30490,78.4
SVN,Slovenia,2008,31174,79.1
SVN,Slovenia,2009,30733,79.4
SVN,Slovenia,2010,30484,79.8
SVN,Slovenia,2011,30442,80.1
SVN,Slovenia,2012,29219,80.3
SVN,Slovenia,2013,28663,80.5
SVN,Slovenia,2014,28871,81.2
SVN,Slovenia,2015,29575,80.9
SVN,Slovenia,2016,30882,81.2
SVN,Slovenia,2017,31865,81.2
SVN,Slovenia,2018,33103,81.5
SVN,Slovenia,2019,34453,81.6
SVN,Slovenia,2020,35905,80.6
SVN,Slovenia,2021,37345,80.7
SVN,Slovenia,2022,37384,81.3
SVN,Slovenia,2023,37376,82.0
SWE,Sweden,2004,35961,80.7
SWE,Sweden,2005,36745,80.7
SWE,Sweden,2006,38041,81.0
SWE,Sweden,2007,39458,81.1
SWE,Sweden,2008,40217,81.3
SWE,Sweden,2009,40642,81.5
SWE,Sweden,2010,41306,81.6
SWE,Sweden,2011,42092,81.9
SWE,Sweden,2012,43085,81.8
SWE,Sweden,2013,43394,82.0
SWE,Sweden,2014,43805,82.3
SWE,Sweden,2015,44422,82.2
SWE,Sweden,2016,45514,82.4
SWE,Sweden,2017,45563,82.5
SWE,Sweden,2018,45551,82.6
SWE,Sweden,2019,45810,83.2
SWE,Sweden,2020,44998,82.4
SWE,Sweden,2021,46568,83.1
SWE,Sweden,2022,46502,83.1
SWE,Sweden,2023,45863,83.4
USA,United States,2004,49027,77.6
USA,United States,2005,49022,77.6
USA,United States,2006,50161,77.8
USA,United States,2007,50735,78.1
USA,United States,2008,51183,78.2
USA,United States,2009,51053,78.5
USA,United States,2010,51520,78.7
USA,United States,2011,52120,78.7
USA,United States,2012,53067,78.8
USA,United States,2013,51988,78.8
USA,United States,2014,53215,78.9
USA,United States,2015,54766,78.7
USA,United States,2016,55445,78.7
USA,United States,2017,56619,78.6
USA,United States,2018,58158,78.7
USA,United States,2019,59693,78.8
USA,United States,2020,63400,77.0
USA,United States,2021,65670,76.4
USA,United States,2022,61725,77.5
USA,United States,2023,64233,78.4
