iso3,country,year,value,status
MEX,Mexico,2021,8.449,Normal value
ISL,Iceland,2018,8.134,Normal value
COL,Colombia,2022,7.921,Normal value
FIN,Finland,2025,7.8,Normal value
CHE,Switzerland,2024,7.7,Normal value
POL,Poland,2025,7.7,Estimated value
NOR,Norway,2025,7.7,Normal value
DNK,Denmark,2025,7.7,Normal value
AUT,Austria,2025,7.7,Normal value
NLD,Netherlands,2025,7.6,Normal value
SVN,Slovenia,2025,7.6,Normal value
NZL,New Zealand,2023,7.6,Normal value
BEL,Belgium,2025,7.6,Normal value
IRL,Ireland,2025,7.6,Normal value
GBR,United Kingdom,2022,7.45,Normal value
CAN,Canada,2023,7.4,Time series break
SVK,Slovak Republic,2025,7.4,Normal value
SWE,Sweden,2025,7.4,Normal value
CZE,Czechia,2025,7.4,Normal value
LUX,Luxembourg,2025,7.4,Time series break
PRT,Portugal,2025,7.3,Estimated value
EST,Estonia,2025,7.3,Normal value
LTU,Lithuania,2025,7.3,Normal value
AUS,Australia,2020,7.2,Normal value
ESP,Spain,2025,7.2,Normal value
ITA,Italy,2025,7.1,Normal value
HUN,Hungary,2025,7.1,Estimated value
FRA,France,2025,7.1,Estimated value
DEU,Germany,2025,7.0,Normal value
LVA,Latvia,2025,6.9,Normal value
GRC,Greece,2025,6.9,Normal value
KOR,Korea,2022,6.5,Normal value
JPN,Japan,2024,5.89,Normal value
TUR,Türkiye,2025,5.7,Normal value
